"0","cor.test(~PHQ.Delta + unprdDays.Delta, data=joinedDf)
"
"1","
"
"1","	Pearson's product-moment correlation"
"1","
"
"1","
"
"1","data:  "
"1","PHQ.Delta and unprdDays.Delta"
"1","
"
"1","t = 6.6939, df = 209, p-value = 1.964e-10"
"1","
"
"1","alternative hypothesis: "
"1","true "
"1","correlation"
"1"," is "
"1","not equal to"
"1"," "
"1","0"
"1","
"
"1","95"
"1"," percent confidence interval:
"
"1"," "
"1","0.3022570 0.5254217"
"1","
"
"1","sample estimates:
"
"1","      cor "
"1","
"
"1","0.4201719 "
"1","
"
"1","
"
