"0","rm(PHQ_overview)"
"0","rm(SDS_productivity)"
"0","# Remake the PHQ9 score df"
"0","PHQ_score <- PHQ %>%"
"0","  filter(!is.na(PHQ9_score)) %>% # Just to be consistent"
"0","  group_by(mid) %>%"
"0","  arrange(qst_time) %>%"
"0","  summarise("
"0","    PHQ.n      = n(),    "
"0","    PHQ.base   = first(PHQ9_score),"
"0","    PHQ.recent = last(PHQ9_score),"
"0","    PHQ.Delta  = PHQ.recent - PHQ.base) %>%"
"0","  ungroup()"
"0","# Remake the SDS - Productivity df"
"0","unprdDays <- SDS %>%"
"0","  filter(!is.na(SDS_days_unproductive)) %>% # This is the line I added"
"0","  group_by(mid) %>%"
"0","  arrange(qst_time) %>%"
"0","  summarise("
"0","    unprdDays.n      = n(),    "
"0","    unprdDays.base   = first(SDS_days_unproductive),"
"0","    unprdDays.recent = last(SDS_days_unproductive),"
"0","    unprdDays.Delta  = unprdDays.recent - unprdDays.base) %>%"
"0","  ungroup()"
