"0","```r
## Create training data
trainingRowIndex <- sample(1:nrow(reddit), 0.8*nrow(reddit))  # row indices for training data
trainingData <- reddit[trainingRowIndex, ]  # model training data
testData  <- reddit[-trainingRowIndex, ]   # test data
rm(trainingRowIndex)

## Predict the distance
lmMod <- lm(modelFormula, data = trainingData, na.action=na.omit)
summary(lmMod)
scorePred <- predict(lmMod, testData)  # predict distance
data.frame(cbind(actuals=testData$STEP1, predicteds=scorePred)) %>% cor(use=\"complete.obs\") %>%
knitr::kable(caption = \"Validation\")    
```"
